fname,label,Acoustic_guitar,Bass_drum,Cello,Clarinet,Double_bass,Flute,Hi-hat,Saxophone,Snare_drum,Violin_or_fiddle,y_pred
5388d14d.wav,Saxophone,0.000989602878689766,0.012076388113200665,0.009339581243693829,0.00012748173321597278,0.0010436464799568057,0.024357685819268227,9.413898624188732e-06,0.947738766670227,0.0009755801875144243,0.0033418750390410423,Saxophone
c685f05f.wav,Saxophone,0.007422382012009621,0.009921897202730179,0.0063684554770588875,0.003006452927365899,0.00021392213238868862,0.008308637887239456,3.0240482374210842e-05,0.9623032808303833,0.00027570046950131655,0.0021490873768925667,Saxophone
36d20ab5.wav,Saxophone,1.4781898016735795e-06,1.347042029919976e-06,0.00014389397983904928,0.00133298069704324,2.6845780666917562e-05,0.015508332289755344,0.0002699348551686853,0.9826991558074951,1.6016065274016e-05,1.1162243396256599e-07,Saxophone
d6665734.wav,Saxophone,0.0014480982208624482,3.3598640584386885e-05,0.0076380642130970955,0.0012136243749409914,0.0009543167543597519,0.0018980520544573665,1.3112618262312026e-06,0.9806283116340637,0.0042711300775408745,0.0019135719630867243,Saxophone
7352e28f.wav,Saxophone,2.0106317606405355e-05,2.9935987716500634e-11,7.0751843850302976e-06,5.226350549492054e-05,8.095844350464176e-08,0.03256664425134659,6.092151783043676e-11,0.9673482179641724,2.94965671354154e-14,5.606974355032435e-06,Saxophone
8fa096bf.wav,Saxophone,0.00017608133202884346,1.3400102716332185e-06,0.0001216583332279697,0.0011163833551108837,2.6335694656154374e-06,0.013333615846931934,0.015713641420006752,0.9618455171585083,7.844233550713398e-06,0.007681244984269142,Saxophone
2f9c5f62.wav,Saxophone,4.1756283053473453e-07,4.2818905972991095e-13,6.185674195080537e-10,0.00037266110302880406,6.648424744071235e-08,1.339863047178369e-06,4.656478258535657e-10,0.9897528886795044,0.009871210902929306,1.4906810292814043e-06,Saxophone
9cd05a2b.wav,Saxophone,0.0003922719042748213,1.0145914529857691e-05,0.004392011556774378,8.314603292092215e-06,1.976784915314056e-06,0.015993472188711166,1.6594866565355915e-06,0.9779195189476013,3.095502449923515e-07,0.0012801875127479434,Saxophone
ab465bf9.wav,Saxophone,1.2106841040804284e-06,1.5619693038981808e-10,3.8924966361264524e-08,1.9804972453130176e-06,2.482933325609338e-07,0.0018001672578975558,1.1116297118918261e-11,0.9981958866119385,4.558444594016109e-11,5.872124120287481e-07,Saxophone
c40632d7.wav,Saxophone,0.00437572319060564,1.384574716212228e-06,0.011287529952824116,0.0257568396627903,0.001273142988793552,0.0213185902684927,1.2776657058566343e-05,0.9349331259727478,0.00020564033184200525,0.000835439539514482,Saxophone
3a80061f.wav,Saxophone,0.0008030657190829515,4.162621917203069e-05,0.00014583853771910071,0.0010351749369874597,8.330943614964781e-07,0.007296439725905657,0.002216306747868657,0.9798679351806641,0.004824210423976183,0.0037687080912292004,Saxophone
dba6817d.wav,Saxophone,2.4598086383775808e-05,7.68395054251414e-08,0.0001589457388035953,7.337067654589191e-05,5.215633336774772e-06,0.0005467176088131964,2.9408240152406506e-05,0.982719898223877,4.44721408712212e-05,0.01639730855822563,Saxophone
25f26095.wav,Saxophone,1.5011441064416431e-05,4.1837938624667004e-05,0.0008525999146513641,0.00024181553453672677,0.0003352398343849927,0.0036031841300427914,1.115202576329466e-05,0.9882526397705078,0.00025263254065066576,0.006393732037395239,Saxophone
37cebbd4.wav,Saxophone,1.2263027201697696e-05,8.010174497030675e-07,4.255737076164223e-05,1.2719131063931854e-06,8.486996421197546e-07,0.001391047379001975,1.9992978106397885e-10,0.9976731538772583,8.518155625303336e-10,0.0008781198994256556,Saxophone
f8d96888.wav,Saxophone,0.00763409398496151,1.0221219781669788e-05,0.005669602192938328,0.0012225023237988353,3.083297997363843e-05,0.007586515508592129,3.703106585817295e-07,0.9773536920547485,0.00021041851141490042,0.000281882646959275,Saxophone
d94c94f0.wav,Saxophone,0.0002471944026183337,0.00019541320216376334,0.00038320021121762693,0.03291364014148712,1.6287745893350802e-05,0.00030064789461903274,1.6761687220423482e-05,0.9656370282173157,4.500694558373652e-06,0.0002852837787941098,Saxophone
ec6afeb6.wav,Saxophone,9.36891865421785e-06,1.958154333125961e-10,6.5215654103667475e-06,5.674889393958438e-07,0.00017922087863553315,0.0005346635007299483,2.113246660995216e-10,0.9992673397064209,7.937263346580181e-11,2.5132067094091326e-06,Saxophone
5f0dc8e4.wav,Saxophone,1.8376688331045443e-06,2.874804344230042e-12,8.703008802513068e-08,0.0007336089620366693,2.8796926017093938e-06,0.00017248884250875562,6.05258811819942e-12,0.9990853071212769,2.043979520749417e-06,1.5372188499895856e-06,Saxophone
b8c0a88a.wav,Saxophone,2.847110181392054e-06,9.346448059943668e-10,0.007422342896461487,0.0006372685311362147,3.7655823348359263e-07,0.014732152223587036,1.7096277726835751e-09,0.9770875573158264,1.151156538981013e-05,0.00010603619739413261,Saxophone
96dad435.wav,Saxophone,0.00021809361351188272,6.721992917846364e-08,9.187365321849938e-07,8.926717418944463e-05,0.00013130568549968302,0.013089976273477077,6.803174024128111e-09,0.985697329044342,2.48504989031062e-07,0.0007727750926278532,Saxophone
b120dc90.wav,Saxophone,5.179465460969368e-06,5.933226475463016e-06,6.787725578760728e-05,0.00019457979942671955,3.741022010217421e-05,9.796530503081158e-05,2.7184041755390354e-06,0.9995153546333313,2.8410513550625183e-06,7.030910637695342e-05,Saxophone
c1948f24.wav,Saxophone,7.341157015616773e-08,5.95492145177845e-12,1.0587915539872483e-06,8.5892696688461e-07,1.0534263310546521e-06,0.0024008415639400482,1.191449827686597e-09,0.9975959062576294,1.2302583431156311e-11,1.9105399928776023e-08,Saxophone
ac097834.wav,Saxophone,2.5935325538739562e-05,3.739151566151122e-08,0.0005034740315750241,0.00484427297487855,4.573882506520022e-06,0.016301020979881287,5.563742888625711e-08,0.9780783653259277,5.440761583486164e-07,0.00024165042850654572,Saxophone
4345851e.wav,Saxophone,0.01616969145834446,1.7990296328207478e-05,0.0009940029121935368,0.0009402845753356814,2.381280182817136e-06,0.0033672412391752005,7.946591153995541e-07,0.9711930155754089,0.007151695899665356,0.00016292298096232116,Saxophone
5d4f8187.wav,Saxophone,5.0854767323471606e-05,3.2702632779546548e-06,0.0008472694316878915,0.0003764911089092493,4.909409472020343e-05,0.0006034682737663388,7.206570558082603e-07,0.9980634450912476,1.200022211378382e-06,4.033234745293157e-06,Saxophone
b83049f4.wav,Saxophone,0.00017297531303483993,1.6622072507743724e-05,0.001358009409159422,0.0012123493943363428,6.691062935715308e-06,0.0008805069955997169,1.7733382264850661e-06,0.9956832528114319,3.6765635741176084e-05,0.0006310036987997591,Saxophone
c1c3c8b9.wav,Saxophone,7.114873733371496e-05,5.056099894318322e-08,8.415547199547291e-05,0.00012153806164860725,0.010452778078615665,0.02672799490392208,4.615536564056555e-10,0.9593833684921265,2.501139018118437e-10,0.003158880164846778,Saxophone
78a86075.wav,Saxophone,0.00045744149247184396,3.2489699606230715e-06,0.013996302150189877,5.612490713247098e-05,0.010803001932799816,0.0026073441840708256,3.1033982850203756e-06,0.9717810153961182,7.036838269414147e-06,0.000285356625681743,Saxophone
f0d315bc.wav,Saxophone,0.0011752553982660174,4.7171872097351297e-07,0.03196202218532562,0.0028445557691156864,1.2271982541278703e-06,0.005371732171624899,9.019267963594757e-06,0.9581180214881897,5.409796358435415e-05,0.0004634807992260903,Saxophone
9c0838c1.wav,Saxophone,0.001494498923420906,1.029092618409777e-05,0.00016628706362098455,0.006677705328911543,0.00017122202552855015,0.03431960195302963,6.546473014168441e-05,0.9533317685127258,0.0026352722197771072,0.0011277816956862807,Saxophone
d6144e01.wav,Violin_or_fiddle,1.750376412701371e-07,6.452148881629867e-19,4.294599714691356e-16,4.326580892666243e-05,6.193436041801448e-11,1.2267553639588868e-09,9.79477226792369e-06,4.49808851499256e-07,7.733972573475967e-09,0.9999462962150574,Violin_or_fiddle
cfb9c5fd.wav,Violin_or_fiddle,0.01587045006453991,0.012191629968583584,0.05605136230587959,0.023214058950543404,0.004112400580197573,0.026660196483135223,0.00020919246890116483,0.00795232318341732,0.014436780475080013,0.839301586151123,Violin_or_fiddle
c6865306.wav,Violin_or_fiddle,0.05876164138317108,5.6239670811919495e-05,0.010177349671721458,0.011646819300949574,0.0002971608191728592,0.012489045970141888,4.01217293983791e-05,0.039066292345523834,0.002324410481378436,0.8651409149169922,Violin_or_fiddle
642aba58.wav,Violin_or_fiddle,0.006894086487591267,1.50615960592404e-07,0.0006862833979539573,0.000120189790322911,5.6946996664919425e-06,0.00692768394947052,3.0809977147328027e-07,0.016536770388484,3.337490170451929e-06,0.9688254594802856,Violin_or_fiddle
848faca3.wav,Violin_or_fiddle,0.00017303579079452902,0.000723889796063304,0.0015698063652962446,0.009056905284523964,1.215357769979164e-05,0.0012348449090495706,1.8557477687863866e-07,0.00017991168715525419,0.00018412701319903135,0.986865222454071,Violin_or_fiddle
7eb9dac0.wav,Violin_or_fiddle,0.001764866290614009,0.0025427723303437233,0.017533032223582268,0.013373533263802528,0.0006903333123773336,0.0058804587461054325,0.01963692344725132,0.0013120557414367795,0.005332745611667633,0.931933581829071,Violin_or_fiddle
8d7d7dba.wav,Violin_or_fiddle,0.006874463055282831,0.0005934856017120183,0.026532696560025215,0.00905836746096611,0.0001263354643015191,0.007540908642113209,0.000278516294201836,0.006760486867278814,0.013560069724917412,0.9286746382713318,Violin_or_fiddle
2424ad60.wav,Violin_or_fiddle,0.0029844266828149557,0.007045322563499212,0.0059707448817789555,0.0027573236729949713,0.0017625483451411128,0.0023167049512267113,5.4600779549218714e-05,0.02770119719207287,0.0010925638489425182,0.9483146071434021,Violin_or_fiddle
ba648ac1.wav,Violin_or_fiddle,0.0013007138622924685,0.00024391418264713138,0.016240017488598824,0.0009240495855920017,0.00026853795861825347,0.00023512315237894654,6.192133696458768e-06,0.0038185007870197296,0.0002975199604406953,0.9766654372215271,Violin_or_fiddle
2e4a9850.wav,Violin_or_fiddle,0.00012480095028877258,5.5535442911036625e-09,3.50259906554129e-05,3.804730795309297e-06,4.550190624286188e-08,1.3860277249477804e-05,3.861531877191737e-05,9.267529094358906e-06,3.1909459607959434e-07,0.9997742176055908,Violin_or_fiddle
2cc8683d.wav,Violin_or_fiddle,0.009547486901283264,0.006996484007686377,0.01729029044508934,0.0058608632534742355,0.002402719110250473,0.007500431966036558,0.002153100213035941,0.0011932618217542768,0.000203121016966179,0.9468523263931274,Violin_or_fiddle
7b6a119e.wav,Violin_or_fiddle,9.060654804216028e-08,2.4004784705128346e-12,2.1208583689258376e-07,0.0003051363746635616,1.6542529499008474e-11,0.03610522300004959,0.0007160190725699067,4.904617298961966e-07,0.0003968662058468908,0.9624760746955872,Violin_or_fiddle
68589f79.wav,Violin_or_fiddle,0.0011108056642115116,0.023053452372550964,0.03354478254914284,0.015448834747076035,0.0030900731217116117,0.0008005829877220094,1.7182086367029115e-06,0.0003053554391954094,0.00012159410835010931,0.9225228428840637,Violin_or_fiddle
fec00143.wav,Violin_or_fiddle,0.00042967419722117484,1.7110277212850633e-06,0.0006990741239860654,0.005181216634809971,1.0730376743595116e-05,0.027992919087409973,2.159425321224262e-06,0.004168320447206497,1.9367012100701686e-06,0.9615122675895691,Violin_or_fiddle
1b24c166.wav,Violin_or_fiddle,0.006635434925556183,0.03378544747829437,0.07540211081504822,0.023586804047226906,0.009415753185749054,0.026957454159855843,0.00025362271117046475,0.018402038142085075,0.0021785488352179527,0.8033828735351562,Violin_or_fiddle
6eb59008.wav,Violin_or_fiddle,2.653110300343542e-07,1.4316979546347142e-10,2.686142033780925e-05,7.55042992750532e-06,1.1399937420719652e-06,1.8000053387368098e-05,0.0013099489733576775,4.5399942791846115e-06,6.336148089758353e-06,0.9986253380775452,Violin_or_fiddle
0e7cd4eb.wav,Violin_or_fiddle,0.01918429508805275,0.0055768778547644615,0.02228030003607273,0.00039040931733325124,0.001767925568856299,0.003358074463903904,0.00014494579227175564,0.01796792261302471,0.0006379023543559015,0.9286915063858032,Violin_or_fiddle
56e79c6f.wav,Violin_or_fiddle,5.660565147991292e-05,2.266568488451526e-09,0.024104690179228783,0.0001677059626672417,1.8599095596982806e-07,0.01016246248036623,3.750369432964362e-05,0.007887762039899826,0.0028541390784084797,0.9547293186187744,Violin_or_fiddle
cdc5fe8e.wav,Violin_or_fiddle,0.006059759296476841,7.139937952160835e-05,0.0017468660371378064,6.27843983238563e-05,0.047343909740448,0.07690659910440445,0.00010049670527223498,0.00023083573614712805,0.00010747093620011583,0.8673699498176575,Violin_or_fiddle
b38409bb.wav,Violin_or_fiddle,7.325624210352544e-06,4.411863669534499e-12,3.384461422228924e-07,0.00021041513537056744,1.6565057658901594e-10,5.958170845588029e-08,1.492733900931853e-07,2.240005869680317e-06,2.68193778296677e-09,0.999779462814331,Violin_or_fiddle
c8c117dc.wav,Violin_or_fiddle,0.005774649325758219,0.005465008318424225,0.016966618597507477,0.00021354986529331654,5.882906771148555e-05,6.618518091272563e-05,8.389800314034801e-06,0.0017883676337078214,0.0014272815315052867,0.9682309627532959,Violin_or_fiddle
b73c3595.wav,Violin_or_fiddle,1.8123018890037201e-06,1.896694390088327e-12,3.773713785903965e-09,0.00014099274994805455,5.399476352141441e-11,5.898403898640936e-08,2.0267624023517783e-08,6.625852506658703e-07,1.1707490532586462e-09,0.9998563528060913,Violin_or_fiddle
d84c8c43.wav,Violin_or_fiddle,0.0015933752292767167,0.017420470714569092,0.026301167905330658,0.0031189508736133575,0.005770718678832054,0.003230897942557931,1.973727012227755e-05,0.0027061528526246548,0.0009171321289613843,0.9389213919639587,Violin_or_fiddle
d914225a.wav,Violin_or_fiddle,0.005323931574821472,1.5878658814472146e-06,0.0023442786186933517,0.0011218427680432796,9.949271043296903e-05,0.0024637379683554173,3.7307559068722185e-06,0.033742256462574005,4.526753855316201e-06,0.9548946619033813,Violin_or_fiddle
1148986e.wav,Violin_or_fiddle,0.12180478125810623,5.436289711724385e-07,0.001556681003421545,9.646366834203945e-07,1.5404046280309558e-05,0.0008526388555765152,4.6650532681269397e-07,0.007978004403412342,5.710063487640582e-05,0.8677334189414978,Violin_or_fiddle
e3f479f3.wav,Violin_or_fiddle,6.174346344778314e-05,1.423659978172509e-05,0.0007980907103046775,0.0002833442413248122,6.971933430577337e-07,8.615793922217563e-05,3.486382638584473e-06,0.05736928433179855,0.011109668761491776,0.9302733540534973,Violin_or_fiddle
aab28420.wav,Violin_or_fiddle,0.0002951914502773434,0.021670864894986153,0.012399096041917801,0.0006916100974194705,0.0015635424060747027,0.002661114791408181,3.518361336318776e-05,0.00518971448764205,0.00018411721976008266,0.9553095698356628,Violin_or_fiddle
21346775.wav,Violin_or_fiddle,0.0038165582809597254,0.001082485425285995,0.00796592142432928,0.00028709782054647803,0.0001837051095208153,0.0002910599287133664,1.2664780797422281e-06,4.228156467434019e-05,0.0004256353422533721,0.9859039783477783,Violin_or_fiddle
cdeece57.wav,Violin_or_fiddle,0.0026179607957601547,0.0002072062634397298,0.01099294051527977,0.0013313096715137362,0.000974335940554738,0.0013087181141600013,7.89804253145121e-05,0.03260349482297897,6.0859809309476987e-05,0.9498240947723389,Violin_or_fiddle
c9fb642d.wav,Violin_or_fiddle,0.008573317900300026,0.0006138005992397666,0.01187987718731165,0.01289146114140749,0.00013045233208686113,0.02029305137693882,4.562677531794179e-06,0.01907799020409584,0.0004708191263489425,0.926064670085907,Violin_or_fiddle
078f7ac0.wav,Hi-hat,5.389563036313494e-13,8.794902198010213e-13,3.930151776937452e-12,2.6981932244041218e-09,1.406914190184294e-12,2.3618322586571594e-07,0.9999938011169434,4.689831856197202e-10,7.437301263735208e-08,5.9398012126621325e-06,Hi-hat
e897db78.wav,Hi-hat,1.0105528610096504e-12,1.4151351531571654e-12,8.12747899580149e-14,8.679316987336705e-11,3.0553952244790836e-14,3.143889149015422e-09,1.0,1.0332711655692758e-13,1.9721630550861846e-08,2.069185178754651e-08,Hi-hat
b31ed1fb.wav,Hi-hat,3.892996028298512e-05,7.789548561731863e-09,9.506138987092072e-09,4.4663006519840565e-06,1.6613645181795533e-10,0.002339772181585431,0.9725726246833801,0.001978592947125435,0.021834053099155426,0.001231795409694314,Hi-hat
06c48eab.wav,Hi-hat,9.59126623456541e-07,4.0008757196119404e-07,5.576536932494491e-05,1.5851879652473144e-05,2.2785402506997343e-06,0.0001135685815825127,0.996356725692749,1.4405765114133828e-06,0.0028863917104899883,0.0005666862707585096,Hi-hat
2503aaa1.wav,Hi-hat,5.505496774617369e-13,1.433323911761899e-14,1.5707324763775121e-12,4.258938091084019e-09,3.0509279727152644e-14,9.057668535206176e-07,0.9999212622642517,1.1323874476998341e-10,1.1327407456462879e-08,7.795252167852595e-05,Hi-hat
3d3439f1.wav,Hi-hat,9.434288203089003e-14,1.5008369004629074e-16,1.822674506780247e-15,4.9592674530776065e-14,6.879526737753991e-18,2.335690529875478e-10,1.0,1.2336231254250177e-15,2.4544029031403625e-09,1.4481594590165514e-08,Hi-hat
34a90030.wav,Hi-hat,1.2563877923330111e-14,1.8403991079529066e-17,1.169577537032604e-13,3.649579749520626e-09,8.354125154858084e-17,1.3136974175154137e-08,1.0,2.8037286034510167e-12,4.44072643240867e-12,7.314067129726709e-09,Hi-hat
da4b0379.wav,Hi-hat,1.2302847568216517e-15,2.6773663011282023e-18,9.25993540577081e-18,1.526991356168121e-14,5.126268477157692e-21,6.147382082544173e-12,1.0,6.634013658965904e-17,1.0253352854261433e-11,4.873889070111659e-10,Hi-hat
a090c45a.wav,Hi-hat,4.7076509357424356e-11,2.201134413626349e-11,2.370946592267914e-13,3.642322554675559e-11,2.1400530002615992e-13,3.855348540415804e-10,0.9999949932098389,1.0227204283105862e-12,5.00890246257768e-06,1.1753143347448258e-08,Hi-hat
41897c32.wav,Hi-hat,3.827731881456131e-11,1.2452609346038182e-15,2.2607431551802115e-11,2.4831535938574234e-07,1.3743522921279283e-13,1.1839558311521614e-07,0.9999191761016846,3.956259320148092e-08,3.2132047023125665e-11,8.045835420489311e-05,Hi-hat
2032be87.wav,Hi-hat,1.2325225204595086e-13,1.355001418136787e-17,1.9678619085812532e-13,6.4094249907498124e-09,3.0814366171677066e-15,3.9229243498084543e-07,0.9999996423721313,2.612808060187266e-11,1.0572852315871017e-10,2.9306693183350774e-10,Hi-hat
73677128.wav,Hi-hat,2.0361679329379198e-14,1.1263826133137557e-15,9.8150329010116e-13,7.19705739449239e-10,4.441332979149672e-15,5.497522881370287e-09,0.9999912977218628,9.188424326955769e-12,1.1102267716278647e-10,8.708149835001677e-06,Hi-hat
c53a217e.wav,Hi-hat,1.3405279490619204e-12,4.554549096945576e-15,3.5879185907028432e-12,7.215073427602192e-09,6.017634443045497e-14,6.070893476817218e-08,1.0,3.7035285949116314e-10,4.209670112498287e-10,1.899611667965928e-08,Hi-hat
f0dfe343.wav,Hi-hat,1.581666395078507e-11,4.646899726991338e-13,1.449489985816399e-07,1.777101533662062e-05,9.35436420706516e-14,0.002726163947954774,0.9972530603408813,2.5002830170706147e-06,3.2364069757484515e-10,3.784328441724938e-07,Hi-hat
0ed06544.wav,Hi-hat,3.0879254231744313e-13,6.9544793101367075e-15,5.5455895951739276e-12,6.4103309327379066e-09,1.8946271689111033e-13,1.7805510310608952e-07,0.999992311000824,2.269681248501243e-10,2.549665145679114e-09,7.51058087189449e-06,Hi-hat
99c96a07.wav,Hi-hat,1.3769044793221497e-09,3.332862164029393e-08,1.4994670782808583e-10,1.6220330634197921e-10,2.5138386927636702e-09,3.566661277432104e-08,0.9980290532112122,3.1695843172308e-10,0.0019573743920773268,1.3422478332358878e-05,Hi-hat
3a3d0279.wav,Hi-hat,3.5550697802255726e-11,1.00598964922205e-11,5.852970560472903e-14,9.514709020663759e-10,3.8559514739175405e-15,1.5780030615530904e-09,0.9999948143959045,1.2087961924825419e-12,5.178657374926843e-06,3.237939472100493e-09,Hi-hat
612702c3.wav,Hi-hat,4.99947873322526e-07,1.643709474086208e-12,2.0011152457311e-10,2.3219869035528973e-05,2.6941194067320318e-11,0.006121908780187368,0.9936187863349915,5.148029345036775e-07,1.1519993847741716e-09,0.00023496070934925228,Hi-hat
d6854eb4.wav,Hi-hat,0.0008231864194385707,0.00020879987278021872,0.0006664132815785706,0.001764932181686163,5.046609294367954e-05,0.035315122455358505,0.904029905796051,0.03452443704009056,0.0018871037755161524,0.02072973921895027,Hi-hat
52300f9b.wav,Hi-hat,1.4621085688809707e-15,2.8513157648488423e-15,1.6440878801261632e-15,2.0180403181857542e-10,1.964808858791005e-16,2.5021356098164915e-09,0.9999999403953552,3.7827933060258223e-13,1.0555168961090544e-09,9.875489581645525e-08,Hi-hat
09a1cfd7.wav,Hi-hat,7.398615276205459e-14,4.471784745339706e-14,6.9945693795302535e-15,1.9424156727509967e-10,4.9873669240698207e-14,5.285762383344661e-10,0.9999998211860657,5.751303567506222e-14,1.2341722310793557e-07,9.528260846991543e-09,Hi-hat
3aafb6ad.wav,Hi-hat,5.020878157679931e-10,6.203863645026786e-09,1.9334263079429093e-09,3.6442786495172186e-06,2.298516195084477e-12,4.030536274512997e-06,0.9992626309394836,4.912374862442448e-08,4.800610895472346e-06,0.0007249165792018175,Hi-hat
493c247b.wav,Hi-hat,5.127731464264762e-13,2.1850009052516023e-13,1.9760759868703293e-12,1.525289462733781e-06,2.955062689569154e-15,1.2079156022082316e-06,0.9999973773956299,2.3501787183022316e-09,3.6555285021222517e-08,9.496863739855144e-09,Hi-hat
5ec7ad26.wav,Hi-hat,1.217089207194988e-10,7.156102967142974e-12,2.377936215991472e-11,5.578864037403264e-09,9.891035473302834e-13,1.658971626739003e-07,0.9999969601631165,2.941899779340673e-10,2.049494696620968e-06,8.991854656414944e-07,Hi-hat
a1b369d7.wav,Hi-hat,4.326784069919043e-11,4.865787118249433e-15,4.276797666014076e-11,6.237824834443018e-08,2.1884917651964625e-13,8.38464586649934e-08,0.999955952167511,4.686006960241684e-08,5.806266578645136e-10,4.388340312289074e-05,Hi-hat
8cd809d3.wav,Hi-hat,8.445126695733052e-07,2.1118830773048103e-07,1.9002575868398708e-07,0.001041629002429545,2.9925051876489306e-06,0.0008638647268526256,0.9820706248283386,2.642321487655863e-05,4.899071791442111e-05,0.015944108366966248,Hi-hat
aed9d22f.wav,Hi-hat,5.624161618193735e-13,6.698123094584299e-14,4.0174566689858693e-13,3.785626326302527e-11,1.1249292513129672e-12,6.716282996421796e-07,0.999998927116394,6.946927755269172e-11,3.9841924603933876e-07,2.9015179592306595e-08,Hi-hat
a7964699.wav,Hi-hat,2.5165907552304745e-11,4.4094750961676255e-08,1.4646411861107822e-09,9.552799156153924e-07,1.7261294119313292e-13,6.77441249763433e-08,0.9999459385871887,5.483730092237238e-07,1.1876755706907716e-05,4.0659324440639466e-05,Hi-hat
da3f8050.wav,Hi-hat,6.929816442902137e-11,2.6145630799279118e-11,7.224056908228249e-09,2.7528489226824604e-05,6.5156244115349704e-12,6.79314907756634e-05,0.9765459895133972,2.14342662729905e-06,3.3347379968518e-08,0.02335638925433159,Hi-hat
468f9c4c.wav,Hi-hat,4.5880562538513914e-05,1.1580576710912283e-06,0.0004569953598547727,7.325247963763104e-08,7.510884188377531e-06,0.00012124991189921275,0.9978438019752502,0.0008582128793932498,0.0003967189113609493,0.0002684029459487647,Hi-hat
229be2be.wav,Snare_drum,3.548344693626859e-07,6.763211331417551e-06,3.0895034797140397e-06,2.062029658134179e-09,7.722483985617146e-08,5.026659891882446e-06,2.276735358464066e-05,2.0317356757004745e-06,0.999959409236908,5.357105123948713e-07,Snare_drum
b6cbc6a9.wav,Snare_drum,2.422071702312678e-06,1.214318423592431e-08,4.750880293613591e-07,2.890053751869459e-09,4.127209424914513e-12,1.4070197948967689e-06,7.01481712894747e-06,4.589792661136016e-05,0.9999426603317261,4.9872333818257175e-08,Snare_drum
ae7d1c37.wav,Snare_drum,0.00023986585438251495,4.822640562451852e-07,0.00013990695879328996,1.2092266842955723e-05,6.118805231380975e-06,0.0006913608522154391,1.44270186908102e-08,0.08429792523384094,0.9145407676696777,7.159332744777203e-05,Snare_drum
82d4fb44.wav,Snare_drum,7.92649825598346e-06,3.5706012369018936e-08,1.2325695024628658e-06,5.36312995791377e-07,1.2503828656917904e-06,2.0717967345262878e-05,0.023283762857317924,0.012436453253030777,0.9642069339752197,4.114094554097392e-05,Snare_drum
4c590f69.wav,Snare_drum,0.00042536071850918233,1.6118120811370318e-06,7.858756725909188e-05,0.002760856645181775,0.00784491840749979,0.010167784057557583,0.0010658011306077242,0.0004526653210632503,0.9763081073760986,0.0008942867862060666,Snare_drum
1c9a423f.wav,Snare_drum,9.174708281989297e-08,3.527904719050133e-15,5.132778255756421e-07,0.0003307497245259583,4.049797830418811e-09,0.017059270292520523,8.734952317013267e-09,1.7735177948452474e-07,0.9697680473327637,0.012841122224926949,Snare_drum
f0727eac.wav,Snare_drum,2.6401927866182007e-10,1.1604320171443305e-08,1.7364142124165483e-08,2.1695040208769e-10,3.4190548443390877e-16,3.381199675800417e-08,1.5366695151897147e-06,1.1582658743236607e-07,0.9999982714653015,6.551035269808381e-09,Snare_drum
31db8c5e.wav,Snare_drum,0.0003899970033671707,2.0922702503867185e-07,0.0004338288854341954,7.178894975368166e-06,0.0002086075983243063,0.00044271486694924533,0.0001831158879213035,0.00028795257094316185,0.9976842999458313,0.0003620842471718788,Snare_drum
b86b5a96.wav,Snare_drum,4.400251782499254e-06,1.5495545824251167e-07,1.2760854133375688e-06,2.396316256536579e-09,1.7118145442807098e-11,1.3492260222847108e-05,5.8943150804680045e-08,1.1433639883762226e-05,0.9999691247940063,8.659943517841384e-08,Snare_drum
6fca680b.wav,Snare_drum,0.0019218283705413342,7.279480541910743e-06,7.665377779630944e-05,0.0027196435257792473,0.011883284896612167,0.00012371010961942375,4.610448286257451e-06,0.02822304517030716,0.9549051523208618,0.00013480376219376922,Snare_drum
1bc8eae1.wav,Snare_drum,0.0001318335416726768,1.1789899723169128e-08,4.558582077152096e-05,9.915085286138492e-08,7.5683612976718e-07,0.0012984162895008922,0.00036731609725393355,0.0004188645980320871,0.9973624348640442,0.00037479345337487757,Snare_drum
46b52f97.wav,Snare_drum,2.0972056518075988e-06,8.334328782666489e-10,4.294906119639563e-08,9.078440825760481e-07,2.8667597007370205e-07,1.6797434000181966e-05,9.221550863003358e-05,1.2218158929044876e-07,0.9998818635940552,5.721448815165786e-06,Snare_drum
0c67f402.wav,Snare_drum,1.9504836018313654e-05,6.478469427584344e-10,3.943616544432871e-10,3.898992773088139e-08,3.1038043229320023e-12,1.9295352160497714e-07,8.434002296553444e-08,1.713104393274989e-05,0.9999618530273438,1.180246385956707e-06,Snare_drum
c8ecbbfd.wav,Snare_drum,4.434049969859188e-06,8.926642891537995e-08,5.366011464502662e-06,3.778738800974679e-06,0.0008178871939890087,0.0010327192721888423,0.0001420426124241203,2.8761101930285804e-05,0.9977664351463318,0.0001985301059903577,Snare_drum
9f84ea5a.wav,Snare_drum,0.004604128655046225,5.8698128668766e-07,0.07458733767271042,0.0013667081948369741,0.007735793013125658,0.03277480602264404,1.0168455446546432e-06,0.0003320796531625092,0.8783838748931885,0.00021369176101870835,Snare_drum
e4958adc.wav,Snare_drum,3.9201603385663475e-07,3.2478799649737766e-09,0.00010172381007578224,8.371161129616667e-06,1.67044433396768e-07,1.8267641053171246e-06,1.1538412447720248e-09,0.0006570792174898088,0.9992281794548035,2.391331236140104e-06,Snare_drum
5ce40b1b.wav,Snare_drum,0.0007612882182002068,3.064319344048272e-06,5.661666364176199e-05,1.6147556607393199e-06,1.1534363686394045e-08,0.00016227173910010606,1.6569646277275751e-07,0.0023797478061169386,0.9966332912445068,2.0072188817721326e-06,Snare_drum
9d308738.wav,Snare_drum,3.6944893366808174e-08,1.2730813523376128e-06,7.075751909724204e-06,9.798979760944349e-08,5.427515641781566e-12,4.945809268974699e-05,0.0001430544361937791,0.00022303606965579093,0.9995758533477783,1.6450087514385814e-07,Snare_drum
1e3391d5.wav,Snare_drum,0.0007567761931568384,3.3479812255876595e-09,1.0252962056256365e-05,0.019266782328486443,1.430496354259958e-06,4.985983196093002e-06,4.85555290197226e-07,0.0372178889811039,0.9426708817481995,7.045697566354647e-05,Snare_drum
ff3f21e7.wav,Snare_drum,1.060112026607385e-06,4.055861202445499e-11,2.8326645917786664e-08,6.301058164126516e-08,6.621298509479345e-10,3.881446446030168e-06,4.2035031810883083e-07,0.01797986589372158,0.9820027947425842,1.1931779226870276e-05,Snare_drum
b68f10af.wav,Snare_drum,0.0018602771451696754,3.159988045808859e-05,9.166986274067312e-06,0.00044251466169953346,5.451277615975414e-07,0.031557220965623856,0.00012255315959919244,0.02298513799905777,0.9429647326469421,2.6160021661780775e-05,Snare_drum
e8e00924.wav,Snare_drum,3.4199299989268184e-05,3.857127950368522e-09,3.150813299157562e-08,1.1809607940449496e-06,2.2448961090049124e-07,0.00018367741722613573,9.777011911182854e-08,8.537097164662555e-05,0.9996945858001709,6.14734915416193e-07,Snare_drum
22e1c02c.wav,Snare_drum,0.000246808776864782,1.0122136018253514e-06,4.46040830865968e-05,1.5606025044689886e-05,3.983572867127805e-07,0.00040009579970501363,2.8378462957334705e-07,3.237466444261372e-05,0.9992526173591614,6.2527728914574254e-06,Snare_drum
5c33d972.wav,Snare_drum,0.07699491083621979,0.010773183777928352,0.13382847607135773,0.014099234715104103,0.025111371651291847,0.008676701225340366,0.0005260955658741295,0.0011827520793303847,0.691208004951477,0.03759925812482834,Snare_drum
9320c55f.wav,Snare_drum,0.0002568713971413672,0.00033512309892103076,0.006574093364179134,5.150878496351652e-05,5.011940629628953e-06,0.0010701080318540335,0.0002926121815107763,0.0008931760676205158,0.9898046851158142,0.00071684829890728,Snare_drum
f1754aea.wav,Snare_drum,0.0002971696376334876,0.003727144794538617,0.00013054469309281558,6.138042226666585e-05,2.2602922399528325e-05,0.001021354692056775,0.0006917418795637786,0.00023058144142851233,0.9938008189201355,1.6704623703844845e-05,Snare_drum
b218444c.wav,Snare_drum,0.0030765687115490437,3.4733606298686936e-05,0.0027233443688601255,0.005020153243094683,0.002436396898701787,7.09958840161562e-05,4.340880332165398e-05,0.0394565723836422,0.9465077519416809,0.0006300401291809976,Snare_drum
36d06cc0.wav,Snare_drum,4.5991328079253435e-06,1.0311811404761784e-09,3.6148926074730525e-09,8.318652078287414e-08,2.561421777805273e-12,1.765526569386111e-08,2.528829146086764e-09,0.0018277879571542144,0.9981590509414673,8.503398930770345e-06,Snare_drum
4c4d4797.wav,Snare_drum,0.0007607460138387978,3.8365590704358965e-09,7.455013474100269e-06,0.0032686730846762657,0.00013402682088781148,0.05836476758122444,5.8120436733588576e-05,0.009067806415259838,0.9282302856445312,0.0001080830188584514,Snare_drum
cae0d841.wav,Snare_drum,2.0013497703530447e-07,4.644562068278901e-09,5.595677254888187e-09,3.420092582473444e-07,4.565671574141561e-08,6.877378473291174e-05,0.0016182520193979144,4.2839022995622145e-08,0.998310387134552,2.0052946183568565e-06,Snare_drum
17f82c05.wav,Acoustic_guitar,0.7468697428703308,0.011410859413444996,0.07599322497844696,0.0021139332093298435,0.1094617173075676,0.019233429804444313,0.00011308900138828903,0.006386879365891218,0.006381238345056772,0.02203597128391266,Acoustic_guitar
0eeaebcb.wav,Acoustic_guitar,0.9770939946174622,3.3852412539836507e-10,0.0007280339486896992,0.0012053527170792222,3.130954155494692e-06,0.00964895449578762,2.5056888830476964e-07,0.011313242837786674,1.5052024764372618e-06,5.774599230790045e-06,Acoustic_guitar
e92bf0fa.wav,Acoustic_guitar,0.9984644651412964,5.975100414445933e-10,0.0003184497181791812,4.296458064345643e-05,0.00010070970165543258,0.0009957769652828574,2.0442476511561836e-07,2.572418816271238e-05,5.884607023887156e-09,5.169874566490762e-05,Acoustic_guitar
10da16fb.wav,Acoustic_guitar,0.9710255861282349,1.2917615777041647e-06,0.004141912329941988,0.003159705549478531,0.00010521124204387888,0.00956055335700512,6.438199761760188e-06,0.0005178365390747786,0.003628186183050275,0.00785327609628439,Acoustic_guitar
a25423a8.wav,Acoustic_guitar,0.821811854839325,0.00047144864220172167,0.002335395896807313,0.004208307713270187,0.14463071525096893,0.0009240253129974008,8.394705218961462e-06,0.021745219826698303,0.0020397265907377005,0.001824930775910616,Acoustic_guitar
16c9a838.wav,Acoustic_guitar,0.9549919366836548,4.4029255263922096e-07,7.237515819724649e-05,0.028776375576853752,0.00014981294225435704,0.012704511173069477,3.1367908270851785e-11,9.058546856977046e-05,5.6585234275985385e-09,0.0032139273826032877,Acoustic_guitar
70ca9c77.wav,Acoustic_guitar,0.8191121816635132,0.0042653679847717285,0.011946260929107666,0.016911383718252182,0.14364761114120483,0.0009769480675458908,2.0426116407179506e-06,0.0006525670760311186,0.002280190819874406,0.000205466611078009,Acoustic_guitar
38216fad.wav,Acoustic_guitar,0.9796738624572754,0.002080698264762759,0.002863880479708314,8.534621156286448e-05,0.0008993445080704987,0.00036371772876009345,2.2594863366975915e-06,0.013154115527868271,1.1478218766569626e-05,0.0008651503012515604,Acoustic_guitar
d8a257e5.wav,Acoustic_guitar,0.960784375667572,0.0032814289443194866,0.006258877459913492,0.0050231656059622765,0.014571387320756912,0.0006674077012576163,0.00010848763486137614,0.0051167369820177555,0.00047197271487675607,0.003716180333867669,Acoustic_guitar
7506dcc4.wav,Acoustic_guitar,0.9892141819000244,1.7123092943549523e-09,2.1900392610518793e-08,0.005876473151147366,2.2929969418328255e-05,2.953342800537939e-06,1.6582481221494305e-10,0.004866430535912514,1.3490195669874083e-05,3.6711285247292835e-06,Acoustic_guitar
a6728901.wav,Acoustic_guitar,0.9917665719985962,1.7177651987464182e-14,7.461805125785759e-06,2.067621807100295e-07,3.432975859141152e-07,0.006095987744629383,5.78723665967118e-05,5.607916477856634e-07,1.4573307838272598e-12,0.002071012742817402,Acoustic_guitar
b88322f6.wav,Acoustic_guitar,0.9750382900238037,0.02004489302635193,0.0017982746940106153,2.1670433852705173e-05,0.00073783821426332,0.0017639207653701305,3.408842985663796e-08,0.0004867126408498734,6.48782076950738e-07,0.0001076855551218614,Acoustic_guitar
35039ae1.wav,Acoustic_guitar,0.9531200528144836,1.3727768418902997e-05,0.0014938398962840438,1.4989969713496976e-05,2.5543863557686564e-06,0.006478470284491777,2.7470691748021636e-06,0.038091618567705154,7.357922982009768e-07,0.000781217822805047,Acoustic_guitar
236cbab1.wav,Acoustic_guitar,0.8373025059700012,0.01935243234038353,0.00968402810394764,0.018179291859269142,0.07221972942352295,0.0007533513708040118,5.8070378145202994e-05,0.01285332441329956,0.027702996507287025,0.0018941861344501376,Acoustic_guitar
0356dec7.wav,Acoustic_guitar,0.9398155808448792,0.0005066737066954374,0.01038755476474762,0.00029949916643090546,0.002811203245073557,0.0014853437896817923,4.0939503378467634e-06,0.022353947162628174,0.006528419908136129,0.01580783911049366,Acoustic_guitar
bb1f5874.wav,Acoustic_guitar,0.9941203594207764,1.7221367670572363e-05,0.0018857162212952971,0.0005313351866789162,0.0013183288974687457,0.0014418928185477853,6.8587037276302e-06,0.0004850096011068672,1.1914578408322996e-06,0.00019188843725714833,Acoustic_guitar
34747922.wav,Acoustic_guitar,0.8948614597320557,1.4203274076862726e-05,0.0002942713035736233,0.0003875075781252235,0.00014181490405462682,0.016795344650745392,0.013406074605882168,0.03739193081855774,3.629255297710188e-05,0.03667106851935387,Acoustic_guitar
44fb3eeb.wav,Acoustic_guitar,0.9589990973472595,3.5434138681011973e-06,0.009002083912491798,1.2947790310136043e-05,2.2130475372250658e-06,0.003958356101065874,2.9142355195688197e-09,0.026854781433939934,1.525923266854079e-06,0.0011654864065349102,Acoustic_guitar
367ad7b1.wav,Acoustic_guitar,0.8759095072746277,0.00017816753825172782,0.0015152407577261329,0.0046551120467484,0.05834893882274628,0.010791783221065998,5.6322246564377565e-06,0.03782794252038002,0.0014392188750207424,0.009328637272119522,Acoustic_guitar
160c92d7.wav,Acoustic_guitar,0.99290931224823,4.5378971691434344e-08,0.002339776139706373,0.0002701572375372052,0.0002980968274641782,0.00186165829654783,3.542720250493403e-08,2.3625585527042858e-05,4.373282354208641e-05,0.002253491198644042,Acoustic_guitar
2016d256.wav,Acoustic_guitar,0.9932602047920227,5.19385021102714e-11,1.7186548850744998e-09,0.004460020922124386,2.1230071034494813e-09,3.098357979069988e-07,2.9697806713802066e-12,0.002278357744216919,1.8451098071636807e-07,1.0485583743502502e-06,Acoustic_guitar
fc55d588.wav,Acoustic_guitar,0.9105530977249146,7.339737931033596e-05,0.002409863518550992,0.024099739268422127,0.021265221759676933,0.02178509347140789,2.6706043172453064e-06,0.008595769293606281,0.009770768694579601,0.0014445033157244325,Acoustic_guitar
c7846d27.wav,Acoustic_guitar,0.9036797285079956,9.99692328917945e-10,0.00031332060461863875,0.00030166920623742044,6.020663789740865e-08,0.057240091264247894,1.1716491826518904e-05,0.00018201686907559633,3.943909732129214e-08,0.0382712222635746,Acoustic_guitar
55822aae.wav,Acoustic_guitar,0.9200233221054077,5.5428181440220214e-06,0.044932086020708084,0.0006289940793067217,0.00036485434975475073,0.016423417255282402,1.531790076114703e-05,0.005750778131186962,0.011824706569314003,3.0954037356423214e-05,Acoustic_guitar
9923ddf8.wav,Acoustic_guitar,0.9998080730438232,4.1472964417272906e-19,2.4335031212352476e-10,0.00013558023783843964,3.467883535890337e-09,1.270539883080346e-06,1.1130132371306445e-08,1.9707331322393884e-09,8.286529015050226e-13,5.5082189646782354e-05,Acoustic_guitar
32dee61b.wav,Acoustic_guitar,0.8492592573165894,0.06335222721099854,0.03715920448303223,0.0005874070920981467,0.019898947328329086,0.0006454577087424695,2.5674249627627432e-05,0.007053044158965349,7.788417133269832e-05,0.021940870210528374,Acoustic_guitar
fa4d4a92.wav,Acoustic_guitar,0.7165247797966003,0.00024055216636043042,0.00856888946145773,0.0029568737372756004,0.26748529076576233,0.00014085258590057492,2.727623495957232e-07,2.5918632672983222e-05,0.004034147132188082,2.2400328816729598e-05,Acoustic_guitar
8da75280.wav,Acoustic_guitar,0.8458166122436523,0.00011757671745726839,0.0173159409314394,0.003699085908010602,0.11147568374872208,0.0010734886163845658,1.957374934136169e-06,0.01981355994939804,0.00014447919966187328,0.0005417743814177811,Acoustic_guitar
b2261238.wav,Acoustic_guitar,0.9410468339920044,3.2906314118008595e-07,0.002537509659305215,0.000405990140279755,3.376448148628697e-06,0.004175774287432432,1.179864011646714e-05,0.03428911045193672,0.016227256506681442,0.0013020283076912165,Acoustic_guitar
673defaf.wav,Acoustic_guitar,0.9988561868667603,6.6822773980845795e-09,1.2897149645141326e-05,4.0092265408020467e-05,1.3925337327691523e-08,0.00012230487482156605,6.928744369361084e-07,0.000622800609562546,1.467774018237833e-05,0.00033040816197171807,Acoustic_guitar
e6597186.wav,Double_bass,0.20549632608890533,0.008134046569466591,0.0547405444085598,6.850915087852627e-05,0.7278575897216797,0.00011237016587983817,3.1818325396670843e-07,0.0008047734736464918,0.002748321508988738,3.723956979229115e-05,Double_bass
fcfafbc8.wav,Double_bass,0.00909132044762373,0.006423989776521921,0.008401264436542988,4.882403300143778e-05,0.9720678329467773,5.865357252332615e-06,3.043375897959777e-07,2.0755871446453966e-05,0.003929622005671263,1.0179598575632554e-05,Double_bass
444f9db5.wav,Double_bass,0.00019075327145401388,1.1695301083136656e-07,0.0002681345213204622,2.843874790414702e-05,0.9922099709510803,0.0013257048558443785,5.818030331283808e-06,0.005829027388244867,0.00013132454478181899,1.06958959804615e-05,Double_bass
19893aa8.wav,Double_bass,0.003097441280260682,0.02416360192000866,0.0370856374502182,0.014262866228818893,0.9010751247406006,0.014215050265192986,4.074683238286525e-05,0.0007294132374227047,0.0020542959682643414,0.003275834023952484,Double_bass
f042282c.wav,Double_bass,0.0195006113499403,0.06962170451879501,0.014722681604325771,0.0006748922751285136,0.8924153447151184,0.0009978682501241565,8.81891610333696e-05,0.0010261962888762355,0.00015152434934861958,0.0008011138997972012,Double_bass
95e1d0ae.wav,Double_bass,0.00719131575897336,0.0067357225343585014,0.017464784905314445,0.004336218815296888,0.9432482719421387,0.0034675973001867533,4.7394463763339445e-05,0.01676599495112896,0.0004688219341915101,0.000273927696980536,Double_bass
595c191d.wav,Double_bass,0.0021953447721898556,0.00027507796767167747,0.0025711979251354933,0.0013955337926745415,0.9794220328330994,0.0005151624791324139,1.3767703421763144e-06,0.013602188788354397,1.3633251683131675e-06,2.0617246264009736e-05,Double_bass
8073923c.wav,Double_bass,0.4243190288543701,0.00018726487178355455,0.07695235311985016,0.0036959617864340544,0.4831036329269409,0.002396403346210718,7.7995537139941e-06,0.002551810583099723,0.0064955600537359715,0.00029014755273237824,Double_bass
6efbaf90.wav,Double_bass,0.0004995209746994078,0.026697099208831787,0.004799960181117058,2.2970111785980407e-06,0.9586645364761353,2.9827253456460312e-05,0.00010658804967533797,3.9812304748920724e-05,0.00017913576448336244,0.008981316350400448,Double_bass
642ad7e4.wav,Double_bass,0.009291711263358593,0.0011540097184479237,0.03239889815449715,3.245785046601668e-05,0.9523544907569885,0.000633760413620621,6.560239853570238e-06,0.0006897692801430821,0.00011325972445774823,0.0033250818960368633,Double_bass
5eadbc6d.wav,Double_bass,0.01361246220767498,0.03993245214223862,0.027218090370297432,0.0018488002242520452,0.8886136412620544,0.0006599039188586175,1.4933308193576522e-05,0.014443093910813332,0.00010829645907506347,0.013548308983445168,Double_bass
1a7d3f2d.wav,Double_bass,0.0737815648317337,0.007504900451749563,0.07062118500471115,0.00021891735377721488,0.8412504196166992,0.00015713968605268747,4.234730113239493e-06,0.0004100431106053293,0.005695195868611336,0.0003564557700883597,Double_bass
13da16ae.wav,Double_bass,0.0037742052227258682,0.010008076205849648,0.0007684538140892982,0.0015351349720731378,0.9833585023880005,1.4791134162805974e-05,4.361225478533015e-07,0.00047148880548775196,2.8182553251099307e-06,6.595360900973901e-05,Double_bass
103f29e5.wav,Double_bass,0.0001433905999874696,3.2645166356815025e-06,0.0013450380647554994,8.087103924481198e-05,0.9885775446891785,0.008463900536298752,2.073106202260533e-07,0.0008568324847146869,5.890923375773127e-07,0.0005283711361698806,Double_bass
da8ea649.wav,Double_bass,0.007885025814175606,0.07025240361690521,0.006910278927534819,0.00020185332687105983,0.9101991653442383,9.251314168068347e-07,8.841649190571843e-08,1.5288685517589329e-06,0.004544329363852739,4.389817149785813e-06,Double_bass
ca348cbb.wav,Double_bass,0.021982375532388687,0.0004269740602467209,0.046222664415836334,6.97823543305276e-06,0.9309901595115662,2.098154254781548e-06,1.584408124699621e-07,6.427215703297406e-05,0.0002955546951852739,8.772028195380699e-06,Double_bass
8ce2e863.wav,Double_bass,4.844814975513145e-05,9.12691029952839e-05,1.47334358189255e-05,6.145475595076277e-07,0.9998419284820557,2.855726734196651e-06,2.085519257288837e-10,1.322685960758463e-07,1.4530346925667459e-09,1.1261676924334552e-08,Double_bass
462b676f.wav,Double_bass,0.007901650853455067,0.010479832999408245,0.010363064706325531,0.008647036738693714,0.8952125310897827,0.039734382182359695,2.2788306068832753e-06,0.015980416908860207,1.9493396393954754e-05,0.011659293435513973,Double_bass
b428466c.wav,Double_bass,0.010445666499435902,0.008555659092962742,0.00030432813218794763,4.770449777424801e-07,0.9802702069282532,1.8630324802870746e-06,1.7517403421152267e-06,7.827595254639164e-06,3.3530592190800235e-05,0.00037863291800022125,Double_bass
4fd883bb.wav,Double_bass,0.1756092607975006,0.0005557138938456774,0.020239904522895813,0.000146668084198609,0.8031121492385864,0.0001886366808321327,7.192737143668637e-07,1.1584059393499047e-05,0.00011738463945221156,1.8079088476952165e-05,Double_bass
2ac8b94f.wav,Double_bass,0.00023444919497705996,6.899261643411592e-05,0.05229990929365158,0.014123932458460331,0.7929748892784119,0.08990471810102463,5.9189410421822686e-06,0.05012023076415062,1.6966075691016158e-06,0.0002652295515872538,Double_bass
c840804f.wav,Double_bass,0.04460899159312248,0.011027527041733265,0.031557321548461914,1.747550595609937e-05,0.9105464816093445,5.5885077017592266e-05,2.9106545298418496e-06,0.00019391531532164663,6.739148375345394e-06,0.0019826311618089676,Double_bass
f63f3703.wav,Double_bass,0.0023352159187197685,0.0768522322177887,0.004891088232398033,0.00015015777898952365,0.8973070979118347,4.762637399835512e-05,1.3958522515622462e-07,5.3548181313090026e-05,1.188556052511558e-05,0.018350932747125626,Double_bass
c0ddf010.wav,Double_bass,0.04039967805147171,0.03032827377319336,0.015571481548249722,0.00013383750047069043,0.9097629189491272,0.001717889797873795,1.708217132545542e-05,0.0004927513655275106,5.0581660616444424e-05,0.0015254890313372016,Double_bass
a0cbe92e.wav,Double_bass,0.01804470643401146,0.06879445165395737,0.013571958057582378,0.013334815390408039,0.8643608093261719,0.018065808340907097,3.990296318079345e-05,0.00039242146885953844,0.002741508185863495,0.0006536907749250531,Double_bass
4fb480bf.wav,Double_bass,0.0028833032120019197,0.3238867521286011,0.03095052018761635,0.012834032997488976,0.619373619556427,0.00891839899122715,0.00024892983492463827,0.00021780005772598088,0.00026182536385022104,0.0004248285258654505,Double_bass
9dd0141c.wav,Double_bass,0.00038331194082275033,6.364043656503782e-06,0.016711456701159477,2.2994943719822913e-05,0.9382944107055664,0.018360015004873276,3.106929216301069e-05,0.025940468534827232,0.00019949773559346795,5.0259939598618075e-05,Double_bass
deb87700.wav,Double_bass,0.005788095761090517,0.015965627506375313,0.034484829753637314,0.017646975815296173,0.896792471408844,0.02706177905201912,0.00011045229621231556,0.001817976706661284,0.00016059154586400837,0.00017122580902650952,Double_bass
e0ecd1a6.wav,Double_bass,0.1560341864824295,2.3592592697241344e-05,0.024448389187455177,0.00023071876785252243,0.8165898323059082,3.4374814276816323e-05,1.0991827821271727e-06,0.00032602890860289335,0.0005921440315432847,0.001719574793241918,Double_bass
0286fc27.wav,Double_bass,0.02992206998169422,0.028651434928178787,0.012024507857859135,0.00477974908426404,0.9117674827575684,0.0021947105415165424,5.279593096929602e-05,0.0005048028542660177,0.00035765624488703907,0.009744815528392792,Double_bass
e2d993ec.wav,Cello,0.03574192896485329,0.0019441026961430907,0.8811941742897034,0.00032380997436121106,0.011974179185926914,0.022610507905483246,0.0003109400568064302,0.010647758841514587,0.0005317175528034568,0.03472088277339935,Cello
0091fc7f.wav,Cello,0.027830731123685837,0.009971020743250847,0.7674899101257324,0.04515072703361511,0.009560849517583847,0.04812546819448471,0.00037021090975031257,0.04292329400777817,0.001679776469245553,0.04689805954694748,Cello
e55c5160.wav,Cello,0.020321795716881752,0.005500609055161476,0.8747699856758118,0.0038385670632123947,0.0009236796759068966,0.019594045355916023,7.531817391281947e-05,0.01463239174336195,0.02192767895758152,0.038415852934122086,Cello
a59b5a08.wav,Cello,0.015038788318634033,0.048702456057071686,0.8424423336982727,0.00448958296328783,0.08006752282381058,0.0037093490827828646,1.9225844880566e-05,0.0010938377818092704,0.0005681504844687879,0.0038686590269207954,Cello
88500b88.wav,Cello,0.0069267931394279,0.01362907886505127,0.9197632670402527,0.0005443417467176914,0.0009153200662694871,0.032385509461164474,3.768874375964515e-05,0.017788289114832878,0.00014411007578019053,0.007865571416914463,Cello
743ae0f9.wav,Cello,0.020299768075346947,0.032812654972076416,0.7117246985435486,0.011967099271714687,0.14382751286029816,0.02525051310658455,4.678669574786909e-05,0.028045544400811195,0.0008944444125518203,0.025130966678261757,Cello
9e3bc1b6.wav,Cello,0.010725445114076138,0.00524107413366437,0.9566221833229065,0.0012090058298781514,0.010434319265186787,0.0016962398076429963,2.863948066078592e-05,0.008624446578323841,0.0051795849576592445,0.00023894420883152634,Cello
3e2bddda.wav,Cello,0.004856979940086603,0.0013894574949517846,0.9651644229888916,0.00043997017201036215,4.269332566764206e-05,0.00020808633416891098,3.721440225490369e-05,0.01860305480659008,0.0009573141578584909,0.008300895802676678,Cello
d328db67.wav,Cello,0.019606677815318108,6.600196684303228e-06,0.9420149922370911,0.007668744772672653,0.003660930320620537,0.007488133851438761,0.001418645610101521,0.013461758382618427,0.001393898855894804,0.0032797970343381166,Cello
7d896090.wav,Cello,0.04375338926911354,0.004414618480950594,0.7775223851203918,0.004969496745616198,0.002778940601274371,0.04422188922762871,9.606585081201047e-05,0.08721299469470978,0.0175103098154068,0.01751980185508728,Cello
4bff8f32.wav,Cello,0.030527831986546516,0.03553696721792221,0.8330104947090149,0.000736557471100241,0.09640298038721085,0.0008656150894239545,3.972663762397133e-05,0.0022832665126770735,0.000378196855308488,0.00021832303900737315,Cello
5e5bca7a.wav,Cello,0.006071151699870825,0.03155222535133362,0.8770278096199036,0.016031233593821526,0.02496137097477913,0.008932366035878658,5.671134204021655e-05,0.015589295886456966,0.00047416790039278567,0.019303712993860245,Cello
811bf309.wav,Cello,0.027349747717380524,0.0037937061861157417,0.8573599457740784,0.0003151227720081806,0.03607075661420822,0.01070534996688366,0.0005217811558395624,0.027347706258296967,0.0024769017472863197,0.03405889868736267,Cello
5689818f.wav,Cello,0.012572734616696835,0.008657901547849178,0.9030822515487671,0.0012531973188742995,0.029341276735067368,0.0029651077929884195,0.0006237137131392956,0.004345652647316456,0.00224878778681159,0.03490940481424332,Cello
81d9f077.wav,Cello,0.011350514367222786,0.006157300900667906,0.8555217385292053,0.02756771259009838,0.023661678656935692,0.03226911649107933,1.0495505193830468e-05,0.04274517670273781,9.388743637828156e-05,0.0006225492106750607,Cello
00353774.wav,Cello,0.0138184679672122,4.8303600124199875e-06,0.9149336218833923,0.007193094585090876,0.003774600801989436,0.04436193406581879,0.00013492639118339866,0.010620850138366222,0.0025103113148361444,0.0026473039761185646,Cello
6a210ffa.wav,Cello,0.015117507427930832,0.004482162185013294,0.8554252982139587,0.0017854359466582537,0.10318789631128311,0.01272364892065525,4.44561374024488e-05,0.002373416442424059,0.00406263954937458,0.0007976237102411687,Cello
e97d9707.wav,Cello,0.011382258497178555,0.0021584415808320045,0.8700705170631409,0.0014645149931311607,0.008909006603062153,0.00927059631794691,0.0001825817598728463,0.028569700196385384,0.043847255408763885,0.02414509281516075,Cello
238b16a5.wav,Cello,0.12477143853902817,0.00203307275660336,0.6828393340110779,3.094322164542973e-05,0.14443203806877136,0.015681590884923935,2.7277925255475566e-05,0.0208419356495142,0.0016080279601737857,0.007734384387731552,Cello
dc5be9d7.wav,Cello,0.013808702118694782,0.003803365398198366,0.8878728151321411,0.0011654602130874991,0.04858401045203209,0.017749659717082977,7.323297177208588e-05,0.024406729266047478,0.0016792843816801906,0.0008567466866225004,Cello
f9653de8.wav,Cello,0.031446464359760284,0.07888636738061905,0.7133367657661438,0.0029349098913371563,0.15138757228851318,0.0009898252319544554,2.2265019651968032e-05,0.0036935098469257355,0.0001824656646931544,0.017119860276579857,Cello
31dbc5c0.wav,Cello,0.07564596831798553,0.02032450959086418,0.8131552934646606,0.0040690479800105095,0.02038421481847763,0.04159513860940933,7.832365554349963e-06,0.0014900764217600226,3.0633218557341024e-05,0.023297229781746864,Cello
cbc8d551.wav,Cello,0.026159288361668587,0.05765582248568535,0.8047872185707092,0.008743908256292343,0.025826312601566315,0.010578789748251438,0.00037883807090111077,0.05399557575583458,0.0014863465912640095,0.010387805290520191,Cello
195f544d.wav,Cello,0.013114284723997116,0.015116158872842789,0.8193950653076172,0.0014608289347961545,0.004882768262177706,0.05241835489869118,0.0007253552321344614,0.016257721930742264,0.004211163613945246,0.07241839170455933,Cello
22bea889.wav,Cello,0.09444692730903625,0.003398361848667264,0.7742758989334106,0.01175847090780735,0.08335518836975098,0.007202011067420244,2.31975172937382e-05,0.012937886640429497,0.003772829193621874,0.008829205296933651,Cello
ab8e8ae3.wav,Cello,0.017076395452022552,0.0003132629790343344,0.8744929432868958,0.007107162848114967,0.021914515644311905,0.03314711153507233,3.1100393243832514e-05,0.038153503090143204,0.003695177845656872,0.004068775102496147,Cello
e70c41d4.wav,Cello,0.00016085866081994027,1.1576205452001886e-06,0.9232968688011169,0.010593262501060963,0.00036601079045794904,0.02815326675772667,1.8483797248336487e-05,0.03131316229701042,3.716710125445388e-05,0.006059733219444752,Cello
125e6ccf.wav,Cello,0.011767592281103134,8.395219629164785e-05,0.9579787254333496,0.006884306203573942,0.005310181062668562,0.0028638194780796766,0.0004568283911794424,0.01235586404800415,0.0018348755547776818,0.00046391194337047637,Cello
2da9e12a.wav,Cello,0.01699397899210453,0.009113982319831848,0.8827449083328247,0.0002768682024907321,0.03598220646381378,0.030726220458745956,9.001333091873676e-05,0.019024094566702843,0.0005728716496378183,0.004474951419979334,Cello
34e4d187.wav,Cello,0.05765093117952347,0.03230081871151924,0.700644314289093,0.00516832061111927,0.14780956506729126,0.007112607359886169,0.0005395276821218431,0.020683998242020607,0.0004634532378986478,0.027626335620880127,Cello
52e54bdd.wav,Bass_drum,0.002438156632706523,0.6101304292678833,0.12556681036949158,0.01925988309085369,0.21716322004795074,0.019959688186645508,0.00014434246986638755,0.000977648189291358,0.0017232907703146338,0.0026365320663899183,Bass_drum
6d21ad67.wav,Bass_drum,0.00017397067858837545,0.9557852149009705,0.036625929176807404,7.540725619037403e-06,0.0010867038508877158,0.0018060917500406504,0.0018810436595231295,6.191762076923624e-05,0.002496093511581421,7.543364336015657e-05,Bass_drum
ca3f3698.wav,Bass_drum,0.00011696729779941961,0.9976578950881958,6.562910857610404e-05,1.6942510683293222e-06,0.002151278778910637,5.903297051190748e-07,2.918161712273104e-09,2.0374884570628637e-06,5.707428307744067e-09,3.857332558254711e-06,Bass_drum
aa9ae956.wav,Bass_drum,1.2328167713349103e-06,0.9909553527832031,0.002170814201235771,0.00014425971312448382,0.006571704987436533,0.00014481156540568918,5.304737982214647e-08,9.40615905165032e-07,6.782045716136054e-07,1.0122863386641257e-05,Bass_drum
0ddb4bdf.wav,Bass_drum,9.68502263276605e-06,0.9701508283615112,0.003216682467609644,0.00023034944024402648,0.02612152323126793,0.00024222287174779922,9.397433018420998e-07,1.1713389085343806e-06,4.669520421884954e-06,2.2022792109055445e-05,Bass_drum
921eee9d.wav,Bass_drum,0.022122489288449287,0.8800310492515564,0.03638854995369911,0.035293858498334885,0.004915326368063688,0.0005780201172456145,0.0005286218365654349,0.017424585297703743,0.0005665437784045935,0.0021508897189050913,Bass_drum
c153f347.wav,Bass_drum,0.00011105781595688313,0.9878656268119812,0.00022507901303470135,3.127532181679271e-06,0.01178005151450634,1.51272968196281e-06,1.863415732827889e-08,3.1519230105914176e-06,4.0003953927225666e-08,1.0394517630629707e-05,Bass_drum
63e0ab2c.wav,Bass_drum,7.749337100904086e-07,0.9974805116653442,0.00016485936066601425,2.751039346549078e-06,0.002347487723454833,2.19629555431311e-06,7.934646828466896e-10,7.176946041909105e-07,1.9364883030448254e-09,7.020882435426756e-07,Bass_drum
88780eac.wav,Bass_drum,0.004277167841792107,0.9253576993942261,0.012470693327486515,0.0041981041431427,0.006580984685570002,0.019204014912247658,0.0009043722529895604,0.0015976544236764312,0.018645232543349266,0.006764162331819534,Bass_drum
bea51ca5.wav,Bass_drum,0.0003452420933172107,0.9599542617797852,0.004745036363601685,0.0012369754258543253,0.02555154822766781,0.007914363406598568,3.304016331640014e-07,0.0001614307111594826,2.6044992296192504e-07,9.050143125932664e-05,Bass_drum
f26131d8.wav,Bass_drum,2.3268655695574125e-06,0.9921879768371582,2.984666389238555e-05,0.00691121956333518,2.5361436200910248e-05,0.0002918423560913652,1.913030973810237e-05,0.00027963187312707305,0.0002523276780266315,3.727571993294987e-07,Bass_drum
ce75b5ce.wav,Bass_drum,0.0007619920652359724,0.994120180606842,0.0010572290048003197,7.530548464274034e-05,0.0015700773801654577,2.1840676708961837e-05,5.097658231534297e-06,0.0020521320402622223,3.4443335607647896e-05,0.0003016891423612833,Bass_drum
565f3ee2.wav,Bass_drum,0.0037860905285924673,0.8598042130470276,0.05364343896508217,0.038720615208148956,0.010837296955287457,0.007705532480031252,2.3644675820833072e-05,0.023809846490621567,2.4524630134692416e-05,0.0016448235837742686,Bass_drum
ff11628d.wav,Bass_drum,6.729792221449316e-05,0.9637978672981262,0.009225422516465187,0.0020411587320268154,0.023661863058805466,0.0007882062345743179,4.399851604830474e-06,3.920449671568349e-06,3.336909139761701e-05,0.00037648429861292243,Bass_drum
cdfc8967.wav,Bass_drum,0.0008032745681703091,0.7655876874923706,0.06300465762615204,0.010430842638015747,0.1369849145412445,0.014807676896452904,0.0001074568135663867,0.00028100801864638925,0.0007593558984808624,0.007233160547912121,Bass_drum
f8a99b37.wav,Bass_drum,1.948859335243469e-06,0.9932428598403931,0.0009930693777278066,9.836347453529015e-05,0.005515226628631353,0.00014246435603126884,1.0865824151551351e-07,6.911743639648193e-07,2.278376598496834e-07,5.070137376605999e-06,Bass_drum
809ea09e.wav,Bass_drum,3.7466234061867e-06,0.9941532015800476,0.0008135343668982387,2.267296440550126e-05,0.004973426461219788,2.7055697501054965e-05,1.518315571047424e-07,7.877122811805748e-07,4.2504220232331136e-07,5.019664513383759e-06,Bass_drum
03fc1f96.wav,Bass_drum,0.1094229444861412,0.6972657442092896,0.0073202489875257015,0.019419508054852486,0.09171712398529053,0.05204673856496811,0.000327699031913653,0.012412319891154766,0.0009630993008613586,0.009104594588279724,Bass_drum
8b6a16de.wav,Bass_drum,5.932578642386943e-05,0.9971078038215637,6.826004391768947e-05,1.0955013749480713e-06,0.002758393296971917,6.419716669370246e-07,3.895959110877811e-09,1.1801090522567392e-06,4.987057433680775e-09,3.2816392376844306e-06,Bass_drum
7dda9dc2.wav,Bass_drum,0.002817909698933363,0.2644827961921692,0.19277992844581604,0.05144988372921944,0.4258521497249603,0.037474509328603745,0.00020744014182128012,0.0028992844745516777,0.007491934113204479,0.014544163830578327,Double_bass
3a9085ca.wav,Bass_drum,0.006484999321401119,0.9372122883796692,0.008251061663031578,0.0005582303856499493,0.004142844118177891,0.002588076749816537,5.454273923533037e-05,0.031449057161808014,0.002016447950154543,0.007242420222610235,Bass_drum
4ba2b70e.wav,Bass_drum,9.262358071282506e-05,0.9734297394752502,0.00018960591114591807,5.178540959605016e-05,2.5006474970723502e-05,2.349056194361765e-05,2.676305825843883e-07,0.02423064596951008,0.0019537003245204687,3.0926676117815077e-06,Bass_drum
01c2f88b.wav,Bass_drum,3.436224869801663e-05,0.8480208516120911,0.005788702517747879,0.09902431815862656,0.045205771923065186,0.0015022834995761514,2.3000780856818892e-05,0.00023363241052720696,4.110693771508522e-05,0.00012597034219652414,Bass_drum
ce3f3400.wav,Bass_drum,0.0774381086230278,0.7162686586380005,0.11754785478115082,0.002846218179911375,0.021028993651270866,0.0004254308878444135,4.8246689402731135e-05,0.0156342014670372,0.0010532073210924864,0.04770903289318085,Bass_drum
6a96272b.wav,Bass_drum,1.9238183085690252e-05,0.9804449081420898,0.0005957571556791663,3.9733095036353916e-05,0.018890423700213432,5.315466296451632e-06,1.2209950384090007e-08,3.470740921329707e-06,1.8437216908750997e-07,9.32411921894527e-07,Bass_drum
9adffd44.wav,Bass_drum,0.006711918395012617,0.980681836605072,0.00256489054299891,1.9357967175892554e-05,0.009602261707186699,1.632382372918073e-05,3.3104342378464935e-07,6.341540574794635e-05,3.298818853636476e-07,0.0003393747319933027,Bass_drum
7d11b3b4.wav,Bass_drum,1.0927196854026988e-05,0.9998378753662109,1.5883428204688244e-05,1.7708333643895457e-06,0.0001291640364797786,4.468190866191435e-07,1.1106353170475813e-08,3.036137286471785e-06,4.947182219439128e-08,8.798677413324185e-07,Bass_drum
bab98261.wav,Bass_drum,1.1095384252257645e-05,0.9998366832733154,2.59678690781584e-05,2.490210135874804e-06,0.00011707012163242325,5.900673727410322e-07,2.0570794845298224e-08,4.382417500892188e-06,9.665757261245744e-08,1.5750649708934361e-06,Bass_drum
c11bacda.wav,Bass_drum,0.006203001830726862,0.8859929442405701,0.03294331580400467,0.04378407448530197,0.013104497455060482,0.010737991891801357,8.03414877736941e-05,0.0012164112413302064,0.0003620935895014554,0.0055753025226294994,Bass_drum
9a4bfb69.wav,Bass_drum,0.0009847739711403847,0.8358901143074036,0.01898985728621483,0.0010810743551701307,0.1420440971851349,0.0006338427774608135,1.3206955600253423e-06,7.607966108480468e-05,1.1901127436431125e-05,0.0002868931333068758,Bass_drum
18865530.wav,Flute,5.527599569177255e-06,8.569145393266808e-10,3.982024736615131e-06,0.0007341843447647989,0.0010044695809483528,0.9965483546257019,1.2227704928591265e-06,1.4581272580471705e-06,0.0016651208279654384,3.5729113733395934e-05,Flute
9f6eac9c.wav,Flute,2.835880331986118e-05,1.8942645230168864e-09,0.0004276570398360491,0.013334919698536396,1.304597572016064e-05,0.9810889363288879,1.9212478946428746e-05,0.0034362971782684326,0.00034329312620684505,0.0013082994846627116,Flute
07db7f16.wav,Flute,2.48505239142105e-05,0.015746286138892174,0.0034850621595978737,0.021586203947663307,0.009967423044145107,0.9474310278892517,1.7382924852427095e-05,9.281425445806235e-05,6.626782851526514e-05,0.0015827019233256578,Flute
dc6676ff.wav,Flute,7.819101301720366e-05,1.210604381185476e-07,9.920173033606261e-05,0.012415772303938866,7.168188744799409e-07,0.9711806774139404,0.014233752153813839,0.0008096692617982626,9.00071427167859e-06,0.0011729261605069041,Flute
3eaddda8.wav,Flute,0.007040065247565508,8.262454542773412e-08,0.019319090992212296,0.06776950508356094,0.0003039867151528597,0.8739452362060547,0.0007697053952142596,0.023577777668833733,0.0006535007269121706,0.006621028762310743,Flute
1b93aeba.wav,Flute,2.6482635803404264e-05,5.96117217810388e-08,0.0009961810428649187,0.00017687332001514733,6.0604370446526445e-06,0.977573037147522,1.5615280062775128e-05,0.001188031630590558,0.014428590424358845,0.005589115433394909,Flute
c683f28f.wav,Flute,0.00928336288779974,5.880376480887906e-14,1.2179008308521588e-06,0.0009347524028271437,7.521515077435481e-10,0.9897284507751465,7.573566773722007e-12,2.012878940149676e-05,6.480182709878157e-12,3.234502946725115e-05,Flute
55d52a69.wav,Flute,5.1795108447549865e-05,0.006994527764618397,0.0067054638639092445,0.006984449457377195,0.005542312748730183,0.9671547412872314,9.147761738859117e-05,0.0015658960910513997,0.0001980068045668304,0.004711276851594448,Flute
ca8653d2.wav,Flute,0.004889090079814196,9.532692274660803e-06,0.006882724352180958,0.00017759510956238955,0.000669510627631098,0.985816240310669,8.472407898807433e-06,0.0013738154666498303,4.645643002731958e-06,0.00016867704107426107,Flute
6b27a847.wav,Flute,7.166911018430255e-06,3.8783243977436044e-11,4.538986468105577e-05,0.0056785112246870995,1.2733307741541466e-08,0.9939389824867249,4.0976428863359615e-06,0.00010384048073319718,1.2080494826705035e-08,0.00022187786817084998,Flute
4bcc8a77.wav,Flute,6.985322397667915e-05,6.567331638507312e-07,1.0320614819647744e-05,0.00015249665011651814,0.00036442995769903064,0.9983866810798645,2.3587074338138336e-07,0.0005981981521472335,0.00018193470896221697,0.0002351979783270508,Flute
84f5b84b.wav,Flute,4.6614886173301784e-07,3.8037979612891987e-14,2.151826450358385e-08,0.0011820429936051369,1.405778410346059e-10,0.9988105893135071,1.2768299054875451e-16,6.923096407263074e-06,2.1025039619471803e-13,1.0886530787956872e-07,Flute
5d73ee6f.wav,Flute,0.0007860806654207408,0.003455025376752019,0.004248538985848427,0.05258932709693909,0.013796098530292511,0.8276910185813904,0.0015300123486667871,0.05696907639503479,0.01978924684226513,0.019145630300045013,Flute
5d040c3b.wav,Flute,0.0001731588417897001,8.458713551817709e-08,0.00010516706242924556,0.00044264018652029335,1.8863505829358473e-05,0.9773462414741516,1.741827691148501e-05,0.01272991206496954,0.0001605725265108049,0.009005807340145111,Flute
6a037ddf.wav,Flute,0.0008979252888821065,0.005950171034783125,0.004584125243127346,0.028353475034236908,0.012779726646840572,0.9263365268707275,0.001281134900636971,0.0024917395785450935,0.001236146898008883,0.0160890594124794,Flute
35e97db3.wav,Flute,1.9882109847380036e-10,3.7880131276042973e-19,2.2059312154709687e-09,0.04543115198612213,3.581183726707139e-15,0.9545684456825256,8.262995149221908e-11,8.189538630576365e-11,3.413441398178956e-16,2.4777796170383226e-07,Flute
d14f5df1.wav,Flute,0.006985417101532221,7.29536623111926e-05,0.00037398157292045653,0.001969896722584963,1.4404516150534619e-05,0.9635047912597656,0.0032778114546090364,0.02310958318412304,6.718842541886261e-06,0.0006847723852843046,Flute
9f522cda.wav,Flute,1.0863644092751201e-05,7.461568252153938e-09,2.5149258362944238e-05,0.005318592768162489,5.496091034729034e-06,0.9845938682556152,5.070405222795671e-06,0.0005971490172669291,3.3677988398039815e-08,0.009443904273211956,Flute
fe76c972.wav,Flute,1.1669110790535342e-05,5.3060476151722824e-11,0.005136237945407629,0.01316007599234581,2.595274395389424e-07,0.9678208231925964,4.0817062085807265e-07,0.0016147514106705785,2.4720076652329226e-08,0.012255768291652203,Flute
562d93f5.wav,Flute,0.0005434052436612546,0.0001279155258089304,0.005880068521946669,0.027154548093676567,0.0033923147711902857,0.948975145816803,1.5720363080617972e-05,0.009095117449760437,0.004585535731166601,0.00023020048683974892,Flute
fa32109e.wav,Flute,2.79173855233239e-05,6.524551281472668e-06,0.0038161410484462976,0.04746788740158081,0.00016665240400470793,0.9120425581932068,0.00013117924390826374,0.03072540834546089,0.00042235772707499564,0.0051935394294559956,Flute
b4b2b68d.wav,Flute,0.013306057080626488,3.9785260014468804e-05,0.005656649358570576,0.009222918190062046,0.0008405708358623087,0.9540417194366455,1.8998492805621936e-06,0.007238886784762144,0.005293712951242924,0.004357665311545134,Flute
af227d6f.wav,Flute,0.004697883501648903,1.7425474396759455e-08,0.0024116025306284428,0.017618348821997643,5.476661044667708e-06,0.9276908040046692,7.575149356853217e-05,0.02874956838786602,0.009776826947927475,0.008973628282546997,Flute
85d6a7d2.wav,Flute,0.00012532756954897195,5.484928067289729e-10,0.014344447292387486,0.012308545410633087,7.200444542831974e-07,0.9327287077903748,1.3094064570395858e-06,0.038137853145599365,2.866348154384468e-07,0.0023527974262833595,Flute
3707da71.wav,Flute,0.003915784880518913,2.193783643633651e-08,0.005390749778598547,0.04871159791946411,0.00020932534243911505,0.9024149179458618,0.02605353109538555,0.0064896391704678535,0.0002130597276845947,0.006601291708648205,Flute
61c914b1.wav,Flute,1.6774902178440243e-06,4.840692291452342e-10,6.724648756062379e-06,0.06880195438861847,2.467801039074402e-07,0.9306915998458862,2.1116948119015433e-06,5.947644240222871e-05,3.935080172823291e-08,0.000436171714682132,Flute
f5e20dce.wav,Flute,0.05342697724699974,4.4689650167129e-06,0.034239739179611206,0.02300381474196911,0.002904409309849143,0.8380493521690369,0.00043929347884841263,0.04159453883767128,0.00018425367306917906,0.006153112277388573,Flute
b0d9849d.wav,Flute,0.00011595305113587528,0.0034782597795128822,0.0074844518676400185,0.03987547382712364,0.011088130064308643,0.9081428647041321,3.842313526547514e-05,0.025844845920801163,0.0006859812419861555,0.0032455958425998688,Flute
6ef82473.wav,Flute,0.007739796303212643,9.086965633287036e-07,0.006621344480663538,0.0027465398889034986,0.0072407349944114685,0.9513091444969177,9.356674854643643e-05,0.022801266983151436,0.001142024644650519,0.0003047963255085051,Flute
8986cced.wav,Flute,1.61043499247171e-05,1.0188439318881137e-06,0.0006913832039572299,0.0002633142867125571,0.00042765570105984807,0.9954802393913269,2.685817889869213e-05,0.0013497797772288322,0.0005582213052548468,0.001185382017865777,Flute
a64a3740.wav,Clarinet,3.7629551030704533e-08,2.9074935310095893e-16,2.7182244366485975e-07,0.9830707311630249,9.038443604669766e-11,0.01689348928630352,1.6710988859358622e-07,2.133549514837796e-08,2.469095934654053e-11,3.538454620866105e-05,Clarinet
ad7ec8cb.wav,Clarinet,1.83849735435615e-09,3.9193637484807864e-13,3.44100854476892e-08,0.9866994023323059,8.31339996842928e-10,0.013188145123422146,9.00996681707511e-08,6.845801436838883e-08,1.7127048224097052e-08,0.00011229407391510904,Clarinet
8ee44fb5.wav,Clarinet,0.00044039892964065075,2.2566893015732448e-13,2.0101840192410236e-09,0.9825342893600464,1.369904794046306e-06,0.00014763337094336748,1.4512759882734372e-08,0.005516089033335447,1.1914703179627395e-07,0.011360032483935356,Clarinet
7eb959ec.wav,Clarinet,0.0037341993302106857,7.546593110419053e-07,0.00013978788047097623,0.9582684636116028,0.000202863899176009,0.004580249078571796,0.0018546102801337838,0.028844302520155907,4.32571760029532e-05,0.0023315732832998037,Clarinet
e51e1770.wav,Clarinet,0.00030261825304478407,6.603737556787337e-10,2.678809778444702e-07,0.984659731388092,0.0029167754109948874,0.00351357483305037,0.0010579843074083328,0.0036861556582152843,0.00010655073128873482,0.0037564695812761784,Clarinet
3f7e6da8.wav,Clarinet,1.193482330563711e-05,3.400530551589398e-11,1.8538963558967225e-05,0.9976919293403625,0.0001200739570776932,5.106452135805739e-06,0.0014447568682953715,0.0007027031388133764,3.6730777992488584e-06,1.3142135912858066e-06,Clarinet
3cbe9902.wav,Clarinet,0.0003674890613183379,0.004745099227875471,0.014311984181404114,0.9174830913543701,0.013572382740676403,0.03417123109102249,0.00011946052109124139,0.0012161291670054197,0.0005546877509914339,0.013458503410220146,Clarinet
9a722e53.wav,Clarinet,2.434187445032876e-05,2.6932231445009336e-10,4.996523330191849e-06,0.9837640523910522,0.0030700811184942722,7.318652933463454e-05,3.112154284279356e-11,0.01306181401014328,6.427712806456043e-10,1.3117703474563314e-06,Clarinet
19105b8a.wav,Clarinet,0.0038445834070444107,7.789460596541176e-07,0.0008945208392105997,0.9351880550384521,0.0004228648031130433,0.03565260395407677,0.000421927630668506,0.02313426323235035,1.1687253390846308e-05,0.00042872127960436046,Clarinet
1f81cc2b.wav,Clarinet,0.0005035580252297223,6.476501823726721e-08,0.0018322361866012216,0.9469929337501526,6.599626794923097e-05,0.04051489382982254,3.5356904390937416e-06,0.009995614178478718,4.346995774540119e-05,4.792911568074487e-05,Clarinet
44c5094c.wav,Clarinet,3.550970575361134e-07,1.1434883801560852e-14,7.088104030117393e-05,0.9609778523445129,1.6942776348560784e-10,0.038696710020303726,4.827214677787482e-14,0.00022878809249959886,1.2182193032117539e-08,2.5486613594694063e-05,Clarinet
5506629f.wav,Clarinet,0.02365957573056221,0.0009219749481417239,0.006483815144747496,0.9346969723701477,0.0009634485468268394,0.013272899203002453,2.863905501726549e-05,0.019728761166334152,0.00015551099204458296,8.832997991703451e-05,Clarinet
ddf23920.wav,Clarinet,2.440308189083449e-14,5.7016933583265814e-21,1.852198475431506e-14,0.9961578845977783,2.0170182160368615e-17,0.0038421647623181343,6.615617775818095e-11,7.487356568081083e-11,6.616587831449691e-21,2.999725190466762e-10,Clarinet
2e1cd085.wav,Clarinet,6.874891056440902e-08,1.6816426723353928e-11,3.6158635907668213e-07,0.949101984500885,5.739541848015506e-06,0.04845432937145233,4.056324609535977e-09,3.231380333090783e-06,0.002342816675081849,9.153947758022696e-05,Clarinet
dc981a38.wav,Clarinet,4.052048097946681e-05,4.7560475557872905e-09,0.009941551834344864,0.8172492384910583,0.00022076460300013423,0.16424061357975006,1.0363696567594616e-08,0.0035977070219814777,1.8105634325138453e-08,0.0047094994224607944,Clarinet
a053797b.wav,Clarinet,0.015738535672426224,2.9769735565565725e-09,6.242822792046354e-07,0.9715179204940796,3.923767144442536e-05,5.590457294601947e-05,6.825570153523586e-08,0.012609284371137619,2.4087781639536843e-05,1.4434283912123647e-05,Clarinet
f2310f0d.wav,Clarinet,0.00792490690946579,0.001024570083245635,0.0012948379153385758,0.9486414790153503,0.0018117312574759126,0.008798299357295036,0.0001500416692579165,0.01197753380984068,0.00026219015126116574,0.018114440143108368,Clarinet
ce65d6b5.wav,Clarinet,0.000157914066221565,3.2372349245690657e-10,2.160953954444267e-06,0.7695846557617188,0.0008543831645511091,0.00265866843983531,2.6579297696116555e-07,0.22672846913337708,7.540628757851664e-06,5.9638891798385885e-06,Clarinet
45de3233.wav,Clarinet,0.000602266751229763,0.011694694869220257,0.018119560554623604,0.9322641491889954,0.009193104691803455,0.01500154472887516,0.0001358048029942438,0.007164354436099529,0.0031320955604314804,0.0026926749851554632,Clarinet
8916ffcd.wav,Clarinet,3.1502018828177825e-05,5.6221815397661246e-11,5.162129355085199e-07,0.9909993410110474,1.320479867672475e-07,0.008677463978528976,2.1466398333913096e-14,0.0002680564939510077,5.224377597201624e-10,2.3051599782775156e-05,Clarinet
e43f7db2.wav,Clarinet,1.7053936929301017e-08,1.2386166175831423e-14,6.237195339053869e-05,0.9874052405357361,2.2301719932588115e-12,3.716939318110235e-05,1.2719107722342776e-13,8.589704521000385e-06,1.565244645007624e-07,0.012486723251640797,Clarinet
3c66098d.wav,Clarinet,3.1051416726768366e-07,2.914459106451335e-14,1.751072886690963e-07,0.9543498754501343,9.861454014492566e-11,0.045647501945495605,6.713033601224438e-11,9.65539811659255e-07,4.565662431454953e-11,1.018551870402007e-06,Clarinet
ad42e493.wav,Clarinet,0.0011691595427691936,6.229136095825538e-10,1.9895749574061483e-05,0.9946398735046387,1.72470354300458e-05,0.001962024485692382,5.677920853486285e-06,0.002098925644531846,2.0716208837257e-06,8.50477663334459e-05,Clarinet
740e5bb7.wav,Clarinet,0.0007374475826509297,0.0025313168298453093,0.023840652778744698,0.8797826766967773,0.025057896971702576,0.04191681370139122,0.0003403632726985961,0.02233351767063141,0.0006301532848738134,0.0028290601912885904,Clarinet
800b401e.wav,Clarinet,0.019429117441177368,0.012495887465775013,0.008287342265248299,0.930999755859375,0.0035368690732866526,0.019575338810682297,3.797707449848531e-06,0.004685802850872278,0.00015657478070352226,0.0008293076534755528,Clarinet
3c713bcf.wav,Clarinet,9.082938845494937e-07,1.2422883344243019e-07,0.00188950274605304,0.9830403923988342,8.096569104054652e-07,1.6857118680491112e-05,6.433277303585783e-05,0.01498714555054903,2.2672772104215255e-08,2.6124697072305025e-08,Clarinet
2fc00271.wav,Clarinet,0.00018817593809217215,1.1937254740246317e-08,0.00020965919247828424,0.9941298961639404,5.8897847338812426e-05,0.0037906246725469828,3.2073374313768e-05,0.0015769689343869686,3.3804658983171976e-07,1.3246927665022667e-05,Clarinet
b0c06255.wav,Clarinet,0.0003441244480200112,7.821443492872504e-11,0.0013013128191232681,0.9438724517822266,5.249515879768296e-07,0.016002997756004333,1.7049633243004791e-06,0.037972159683704376,7.636544069100637e-06,0.0004970364971086383,Clarinet
71c6451f.wav,Clarinet,2.3696622974966886e-07,7.91352573747961e-12,1.6924760757319746e-06,0.9349164962768555,2.1870853743166663e-05,0.04321412369608879,6.707141153583507e-08,0.0028399985749274492,8.240024180850014e-05,0.01892317272722721,Clarinet
5de123c3.wav,Clarinet,9.026734915096313e-05,1.0415897236783298e-14,2.4749971998971887e-05,0.9883749485015869,1.5099894667969238e-08,0.0026542930863797665,4.7876711484207135e-09,0.006936511490494013,1.2075732414018603e-08,0.001919070607982576,Clarinet
